regiao,id,nome,cor
pele,clara,Clara,#f1c9a5
pele,bege,Bege,#e0ac81
pele,morena,Morena,#c68642
pele,parda,Parda,#a96b3f
pele,escura,Escura,#7a4a2a
pele,muito_escura,Muito escura,#4d2d1b
pele,palida,Pálida,#e8d8e0
pele,esverdeada,Esverdeada,#9bc47a
cabelo,preto,Preto,#1f1a1a
cabelo,castanho,Castanho,#5a3a22
cabelo,loiro,Loiro,#e3c15a
cabelo,ruivo,Ruivo,#b5472a
cabelo,branco,Branco,#e8e8ea
cabelo,cinza,Cinza,#8a8f98
cabelo,azul,Azul,#3f6fd1
cabelo,rosa,Rosa,#e056a0
cabelo,verde,Verde,#3fae5a
cabelo,roxo,Roxo,#8a4ad1
armadura,azul,Azul,#4c82d3
armadura,vermelho,Vermelho,#c8453f
armadura,verde,Verde,#50b05b
armadura,roxo,Roxo,#9c5cd3
armadura,dourado,Dourado,#d9ad3e
armadura,preto,Preto,#3a3d48
armadura,branco,Branco,#e6e6ea
armadura,laranja,Laranja,#e07a2c
armadura,ciano,Ciano,#3fb7c9
armadura,marrom,Marrom,#8d5c38
capa,nenhuma,Sem capa,#000000
capa,vermelha,Vermelha,#b23a3a
capa,azul,Azul,#3f6fd1
capa,verde,Verde,#3fae5a
capa,roxa,Roxa,#8a4ad1
capa,preta,Preta,#2a2a33
capa,branca,Branca,#e8e8ea
capa,dourada,Dourada,#d9ad3e
capa,laranja,Laranja,#e07a2c
