id,tipo,largura,altura,celulas,monstro_id,hunt
squire,personagem,24,32,1x1,,
esqueleto,monstro,24,32,1x1,skeleton,catacumbas
ghoul,monstro,24,32,1x1,ghoul,catacumbas
rei_dos_ossos,monstro,40,51,2x2,bone_king,catacumbas
lobo,monstro,24,32,1x1,wolf,floresta_sombria
bandido,monstro,24,32,1x1,bandit,floresta_sombria
rainha_aranha,monstro,40,51,2x2,spider_queen,floresta_sombria
sapo_venenoso,monstro,24,32,1x1,toxic_toad,pantano_toxico
lagarto_pantano,monstro,24,32,1x1,bog_lizard,pantano_toxico
hidra_pantano,monstro,40,51,2x2,bog_hydra,pantano_toxico
kobold_minerador,monstro,24,32,1x1,kobold_miner,minas_esquecidas
golem_pedra,monstro,24,32,1x1,stone_golem,minas_esquecidas
golem_cristal,monstro,40,51,2x2,crystal_golem,minas_esquecidas
lobo_gelo,monstro,24,32,1x1,frost_wolf,fortaleza_de_gelo
yeti,monstro,24,32,1x1,yeti,fortaleza_de_gelo
rainha_inverno,monstro,40,51,2x2,winter_queen,fortaleza_de_gelo
salamandra,monstro,24,32,1x1,salamander,vulcao_ardente
golem_lava,monstro,24,32,1x1,lava_golem,vulcao_ardente
senhor_chamas,monstro,40,51,2x2,flame_lord,vulcao_ardente
cultista_sombrio,monstro,24,32,1x1,dark_cultist,templo_profano
anjo_caido,monstro,24,32,1x1,fallen_angel,templo_profano
sumo_sacerdote,monstro,40,51,2x2,profane_high_priest,templo_profano
