.,.,.,.,.,.,.,.,.,.,.,.,.,.,.,.,.,.,.,.,.,.,.,.,.,.,.,.,.,.
.,.,.,.,.,.,.,.,.,.,.,.,.,.,.,.,.,.,.,.,.,.,.,.,.,.,.,.,.,.
.,.,.,.,.,.,.,.,.,.,.,.,.,.,.,.,.,.,.,.,.,.,.,.,.,.,.,.,.,.
.,.,.,.,.,.,.,.,.,.,.,.,.,.,.,.,.,.,.,.,.,.,.,.,.,.,.,.,.,.
.,.,.,.,.,.,.,.,.,.,.,.,.,.,.,.,.,.,.,.,.,.,.,.,.,.,.,.,.,.
.,.,.,.,.,.,.,.,.,.,.,.,.,.,.,.,.,.,.,.,.,.,.,.,.,.,.,.,.,.
.,.,.,.,.,.,.,.,.,.,.,.,.,.,.,.,.,.,.,.,.,.,.,.,.,.,.,.,.,.
.,.,.,.,.,.,.,.,.,.,.,.,.,.,.,.,.,.,.,.,.,.,.,.,.,.,.,.,.,.
.,.,.,.,.,.,.,.,.,.,.,.,.,.,.,.,.,.,.,.,.,.,.,.,.,.,.,.,.,.
.,.,.,.,.,.,.,.,.,.,.,.,.,.,.,.,.,.,.,.,.,.,.,.,.,.,.,.,.,.
.,.,.,.,.,T,T,T,T,T,T,T,T,T,T,T,T,T,T,T,T,T,T,T,T,.,.,.,.,.
.,.,.,.,.,t,m,m,m,m,m,m,m,m,m,m,m,m,m,m,m,m,m,m,t,.,.,.,.,.
.,.,.,.,.,t,m,m,m,m,m,m,m,m,m,m,m,m,m,m,m,m,m,m,t,.,.,.,.,.
.,.,.,.,.,t,m,m,m,m,m,m,m,m,O,O,m,m,m,m,m,m,m,m,t,.,.,.,.,.
.,.,.,.,.,t,m,m,m,m,m,m,m,m,m,m,m,m,m,m,m,m,m,m,t,.,.,.,.,.
.,.,.,.,.,t,m,m,m,m,m,m,m,m,m,m,m,m,m,m,m,m,m,m,t,.,.,.,.,.
.,.,.,.,.,t,M,M,M,M,M,M,M,M,M,M,M,M,M,M,M,M,M,M,t,.,.,.,.,.
.,.,.,.,.,t,m,m,m,m,m,m,m,m,m,m,m,m,m,m,m,m,m,m,t,.,.,.,.,.
.,.,.,.,.,t,m,m,m,m,m,m,m,m,m,m,m,m,m,m,m,m,m,m,t,.,.,.,.,.
.,.,.,.,.,t,m,m,m,m,m,m,m,m,m,m,m,m,m,m,m,m,m,m,t,.,.,.,.,.
.,.,.,.,.,t,m,m,m,m,m,m,m,m,m,m,m,m,m,m,m,m,m,m,t,.,.,.,.,.
.,.,.,.,.,t,M,M,M,M,M,M,M,M,M,M,M,M,M,M,M,M,M,M,t,.,.,.,.,.
.,.,.,.,.,t,m,m,m,m,m,m,m,m,m,m,m,m,m,m,m,m,m,m,t,.,.,.,.,.
.,.,.,.,.,t,m,m,m,m,m,m,m,m,O,O,m,m,m,m,m,m,m,m,t,.,.,.,.,.
.,.,.,.,.,t,m,m,m,m,m,m,m,m,m,m,m,m,m,m,m,m,m,m,t,.,.,.,.,.
.,.,.,.,.,t,M,M,M,M,M,M,M,M,M,M,M,M,M,M,M,M,M,M,t,.,.,.,.,.
.,.,.,.,.,.,.,.,.,.,.,.,.,.,.,.,.,.,.,.,.,.,.,.,.,.,.,.,.,.
.,.,.,.,.,.,.,.,.,.,.,.,.,.,.,.,.,.,.,.,.,.,.,.,.,.,.,.,.,.
.,.,.,.,.,.,.,.,.,.,.,.,.,.,.,.,.,.,.,.,.,.,.,.,.,.,.,.,.,.
.,.,.,.,.,.,.,.,.,.,.,.,.,.,.,.,.,.,.,.,.,.,.,.,.,.,.,.,.,.
