muro_topo,muro_topo,muro_topo,muro_topo,muro_topo,muro_topo,muro_topo,muro_topo,muro_topo,muro_topo,muro_topo,muro_topo,muro_topo,muro_topo,muro_topo,muro_topo,muro_topo,muro_topo,muro_topo,muro_topo,muro_topo,muro_topo,muro_topo,muro_topo,muro_topo,muro_topo,muro_topo,muro_topo,muro_topo,muro_topo,muro_topo,muro_topo
parede,parede,parede,parede,parede_tocha,parede,parede,parede,parede,parede,parede_tocha,parede,parede,parede,parede,escada,escada,parede,parede,parede,parede,parede_tocha,parede,parede,parede,parede,parede,parede_tocha,parede,parede,parede,parede
parede,vaso,piso,piso_ossos,piso,piso,piso,piso,piso,piso,piso_rachado,piso,piso,piso,piso_rachado,piso,piso,caveira,caveira,piso,piso,piso,piso,piso,piso,piso,piso,piso,piso,piso,vaso,parede
parede,piso,piso,piso,piso,piso,piso,caveira,caveira,piso_rachado,piso,piso,piso,piso,piso,piso,piso,piso_rachado,piso,piso_ossos,piso_rachado,piso,piso,piso_ossos,piso,caveira,piso,piso,piso,piso,piso,parede
parede,piso,sarcofago_e,sarcofago_d,piso,piso,piso,piso,piso,piso_rachado,piso,piso,piso,piso,piso,piso,piso,piso,piso,piso,piso,caveira,piso_rachado,piso,piso_rachado,piso,piso,piso_rachado,sarcofago_e,sarcofago_d,caveira,parede
parede,piso,piso,piso,piso,piso,piso,piso,piso,piso,piso,piso,piso,piso_ossos,piso,piso,piso_rachado,piso,piso,piso_ossos,piso_rachado,piso,piso,piso,piso_ossos,piso,piso_ossos,piso_rachado,piso,piso,piso,parede
parede,piso,caveira,piso,piso,piso,piso_rachado,piso,piso,piso,piso,piso,piso,piso,piso_rachado,piso,piso,piso_ossos,piso,piso,piso,piso,piso,piso,piso,piso,piso,piso,piso_rachado,caveira,piso,parede
parede,piso,piso,piso,piso,piso,piso_ossos,piso,caveira,piso,piso,piso,piso,piso,caveira,piso,piso,piso,piso_ossos,piso,piso,piso_rachado,piso_ossos,piso,piso,piso_ossos,piso_rachado,piso,piso_rachado,piso_rachado,piso,parede
parede,piso,piso,piso,piso,piso,piso,caveira,piso_rachado,piso,piso,piso,piso,piso,piso_rachado,piso,piso,piso,piso,piso,piso,piso,piso,piso,piso_ossos,piso,piso,piso,piso,piso,piso,parede
parede,piso_ossos,sarcofago_e,sarcofago_d,piso_rachado,piso,piso,piso,piso,piso_rachado,piso_ossos,piso_rachado,piso,piso,piso,piso,piso,piso_rachado,piso_rachado,piso,piso_ossos,piso,piso,piso,piso,piso,piso,piso,sarcofago_e,sarcofago_d,piso_rachado,parede
parede,caveira,piso,piso,piso,piso_rachado,piso,piso,piso,piso,piso_rachado,piso,piso,piso,piso,piso_rachado,piso,piso,piso,piso,piso,piso,piso,piso_rachado,piso_ossos,piso,piso,piso,piso,piso,piso,parede
parede,piso,piso,piso,piso,piso,piso,piso,piso,piso,piso_rachado,piso_ossos,piso,piso_ossos,piso,tapete,tapete,piso,piso_ossos,piso,piso,piso_rachado,piso_rachado,piso_ossos,piso,piso,piso,piso,piso_rachado,piso,piso,parede
parede,piso,piso_rachado,caveira,caveira,piso,piso_rachado,piso,piso_ossos,piso_rachado,piso,piso,piso,piso,piso,tapete,tapete,piso_rachado,piso,piso_rachado,piso,piso,piso_rachado,piso,piso,piso,piso,piso_rachado,piso,piso_ossos,piso,parede
parede,piso_ossos,piso,piso,piso,piso,piso,piso,piso,piso_rachado,piso,piso,piso,piso_rachado,piso_ossos,tapete,tapete,caveira,piso,piso,piso,piso,piso,piso,piso,caveira,piso,piso,piso_rachado,piso,piso,parede
parede,piso,piso,piso,piso,piso_ossos,piso_ossos,piso,piso,piso,piso,piso_rachado,piso_ossos,piso,piso,tapete,tapete,piso_ossos,piso,piso,piso,piso,piso,piso,piso,piso,piso,piso,piso,piso,piso,parede
parede,piso,piso,piso,piso,piso,piso,piso,piso,piso,piso,piso,piso,piso_rachado,piso,tapete,tapete,piso,piso_rachado,piso_ossos,piso,piso,piso_ossos,piso,caveira,piso_rachado,piso,piso,piso,piso,piso,parede
parede,piso_rachado,piso,piso_rachado,piso,piso,piso,piso,piso,piso,piso_ossos,caveira,piso,piso,piso,tapete,tapete,piso,piso,piso,piso,piso,piso,piso,piso,piso,piso,piso_rachado,caveira,piso_ossos,piso,parede
parede,vaso,piso_ossos,piso,piso,piso,piso,piso,piso,piso,piso,piso,piso_rachado,piso,piso,tapete,tapete,piso,piso,piso,piso,piso_rachado,piso_rachado,piso,piso_rachado,piso,piso,piso,piso,caveira,vaso,parede
parede,parede,parede,parede,parede,parede,parede,parede,parede,parede,parede,parede,parede,parede,parede,tapete,tapete,parede,parede,parede,parede,parede,parede,parede,parede,parede,parede,parede,parede,parede,parede,parede
muro_topo,muro_topo,muro_topo,muro_topo,muro_topo,muro_topo,muro_topo,muro_topo,muro_topo,muro_topo,muro_topo,muro_topo,muro_topo,muro_topo,muro_topo,tapete,tapete,muro_topo,muro_topo,muro_topo,muro_topo,muro_topo,muro_topo,muro_topo,muro_topo,muro_topo,muro_topo,muro_topo,muro_topo,muro_topo,muro_topo,muro_topo
