3,3,3,3,3,3,3,3,3,3,3,3,3,3,3,3
3,2,1,1,1,1,1,1,3,2,1,1,1,1,1,1
3,2,1,1,1,1,1,1,3,2,1,1,1,1,1,1
3,2,1,1,4,4,1,1,3,2,1,1,1,1,1,1
3,2,1,1,1,1,1,1,3,2,1,1,1,1,1,1
3,2,1,1,1,1,w,w,w,w,1,1,4,1,1,1
3,2,1,1,1,w,w,w,w,w,w,1,1,1,1,1
3,2,1,1,w,k,w,w,w,w,k,w,1,1,1,1
3,3,3,3,w,w,w,d,d,w,w,w,3,3,3,3
3,2,1,1,1,w,g,w,g,w,w,1,1,1,1,1
3,2,1,1,1,1,g,g,g,g,1,1,1,1,1,1
3,2,1,1,1,1,1,1,3,2,1,1,1,1,1,1
3,2,1,4,1,1,1,1,3,2,1,1,1,1,1,1
3,2,1,1,1,1,1,1,3,2,1,4,4,1,1,1
3,2,1,1,1,1,1,1,3,2,1,1,1,1,1,1
3,2,1,1,1,1,1,1,3,2,1,1,1,1,1,1
