6,6,6,6,6,6,6,8,6,6,6,6,6,6,6,6
5,5,5,5,5,5,5,y,y,5,5,5,5,5,5,5
5,5,5,5,5,5,5,8,y,y,5,5,5,5,5,5
5,5,5,5,5,5,5,y,y,r,y,5,5,5,5,5
5,5,5,5,5,5,y,y,r,r,r,y,5,5,5,5
5,5,5,5,5,5,y,r,r,r,r,y,5,5,5,5
7,7,7,7,7,7,7,r,r,r,r,7,7,7,7,7
8,8,8,8,8,8,8,8,m,m,8,8,8,8,8,8
6,6,6,8,6,6,6,6,m,m,6,8,6,6,6,6
5,5,5,8,5,5,5,5,M,M,5,8,5,5,5,5
5,5,5,8,5,5,5,5,5,5,5,8,5,5,5,5
5,5,5,8,5,5,5,5,5,5,5,8,5,5,5,5
5,5,5,8,5,5,5,5,5,5,5,8,5,5,5,5
5,5,5,8,5,5,5,5,5,5,5,8,5,5,5,5
7,7,7,8,7,7,7,7,7,7,7,8,7,7,7,7
8,8,8,8,8,8,8,8,8,8,8,8,8,8,8,8
