o,x,r,r,x,x,x,x,x,x,x,x,r,r,x,o
o,x,r,r,r,r,r,r,r,r,r,r,r,r,x,o
o,x,r,r,r,r,r,r,r,r,r,r,r,r,x,o
o,x,r,r,r,r,r,r,r,r,r,r,r,r,x,o
o,x,r,r,x,x,x,x,x,x,x,x,r,r,x,o
o,x,r,r,r,r,r,r,r,r,r,r,r,r,x,o
o,x,r,r,r,r,r,r,r,r,r,r,r,r,x,o
o,x,r,r,r,r,r,r,r,r,r,r,r,r,x,o
o,x,r,r,x,x,x,x,x,x,x,x,r,r,x,o
o,x,r,r,r,r,r,r,r,r,r,r,r,r,x,o
o,x,r,r,r,r,r,r,r,r,r,r,r,r,x,o
o,x,r,r,r,r,r,r,r,r,r,r,r,r,x,o
o,x,r,r,x,x,x,x,x,x,x,x,r,r,x,o
o,x,r,r,r,r,r,r,r,r,r,r,r,r,x,o
o,x,r,r,r,r,r,r,r,r,r,r,r,r,x,o
o,x,r,r,r,r,r,r,r,r,r,r,r,r,x,o
