.,.,.,.,.,.,.,.,.,.,.,.,.,.,.,.,.,.,.,.,.,.,.,.
.,.,.,.,.,.,.,.,.,.,.,.,.,.,.,.,.,.,.,.,.,.,.,.
.,.,.,.,.,.,.,.,.,.,.,.,.,.,.,.,.,.,.,.,.,.,.,.
.,.,.,.,.,.,.,.,.,.,.,.,.,.,.,.,.,.,.,.,.,.,.,.
.,.,.,.,.,.,.,.,.,.,.,.,.,.,.,.,.,.,.,.,.,.,.,.
.,.,.,.,.,.,.,.,h,0,0,0,0,0,0,0,.,.,.,.,.,.,.,.
.,.,.,.,.,.,.,.,h,0,0,0,0,0,0,k,.,.,.,.,.,.,.,.
.,.,.,.,.,.,.,.,h,0,0,0,0,0,0,k,.,.,.,.,.,.,.,.
.,.,.,.,.,.,.,.,h,0,0,0,0,0,0,k,.,.,.,.,.,.,.,.
.,.,.,.,.,.,.,.,h,0,0,0,0,0,0,k,.,.,.,.,.,.,.,.
.,.,.,.,.,.,.,.,h,0,0,0,0,0,0,k,.,.,.,.,.,.,.,.
.,.,.,.,.,.,h,0,k,k,k,k,k,k,k,k,0,0,.,.,.,.,.,.
.,.,h,0,0,k,h,0,0,0,0,0,0,0,0,0,0,0,k,.,.,.,.,.
.,.,h,0,0,k,h,0,0,0,0,0,0,0,0,R,0,0,h,0,0,0,.,.
.,.,h,0,0,k,h,0,R,0,0,0,0,0,0,R,0,0,h,0,0,k,.,.
.,.,h,0,R,k,h,0,0,R,R,0,0,0,R,0,0,0,h,0,0,k,.,.
.,.,h,0,0,k,h,0,0,0,0,R,0,0,R,0,0,0,h,0,R,k,.,.
.,.,h,0,0,k,h,0,0,0,0,R,0,0,R,0,0,0,h,0,0,k,.,.
.,.,h,0,0,k,h,0,0,0,R,0,0,0,0,0,0,0,h,0,0,k,.,.
.,.,h,0,0,k,h,0,0,0,R,0,0,0,0,0,0,0,h,0,0,k,.,.
.,.,h,h,h,h,k,k,k,k,k,k,k,k,k,k,k,k,h,0,0,k,.,.
.,.,h,h,h,h,k,h,0,0,0,k,h,0,0,0,k,.,h,h,h,h,.,.
.,.,h,h,h,h,k,h,0,0,0,k,h,0,0,0,k,.,h,h,h,h,k,.
.,.,k,k,k,k,k,h,0,0,0,k,h,0,0,0,k,.,h,h,h,h,k,.
.,.,.,.,.,.,.,h,0,0,0,k,h,0,0,0,k,.,k,k,k,k,k,.
.,.,.,.,.,.,.,h,0,0,0,k,h,0,0,0,k,.,.,.,.,.,.,.
.,.,.,.,.,.,.,h,0,0,0,k,h,0,0,0,k,.,.,.,.,.,.,.
.,.,.,.,.,.,.,k,k,k,k,k,k,k,k,k,k,.,.,.,.,.,.,.
.,.,.,.,.,.,.,.,.,.,.,.,.,.,.,.,.,.,.,.,.,.,.,.
.,.,.,.,.,.,.,.,.,.,.,.,.,.,.,.,.,.,.,.,.,.,.,.
.,.,.,.,.,.,.,.,.,.,.,.,.,.,.,.,.,.,.,.,.,.,.,.
.,.,.,.,.,.,.,.,.,.,.,.,.,.,.,.,.,.,.,.,.,.,.,.
